{
   "Boral (65% Al-35% B4C)" : {
      "atoms_per_molecule" : -1.0,
      "comp" : {
         "Al27" : 0.650,
         "B10" : 0.05050078474958513,
         "B11" : 0.2234992152504149,
         "C12" : 0.07511959364998165,
         "C13" : 0.0008804063500183392
      },
      "density" : 2.530,
      "mass" : 1.0,
      "metadata" : {
         "name" : "Boral (65% Al-35% B4C)"
      }
   },
   "Boron Carbide" : {
      "atoms_per_molecule" : -1.0,
      "comp" : {
         "B10" : 0.1442424056674191,
         "B11" : 0.6383675943325809,
         "C12" : 0.2148716903101252,
         "C13" : 0.002518309689874825
      },
      "density" : 2.520,
      "mass" : 1.0,
      "metadata" : {
         "name" : "Boron Carbide"
      }
   },
   "Carbon, Graphite (reactor grade)" : {
      "atoms_per_molecule" : -1.0,
      "comp" : {
         "B10" : 1.843094333926465e-07,
         "B11" : 8.156905666073534e-07,
         "C12" : 0.9884147175051053,
         "C13" : 0.01158428249489460
      },
      "density" : 1.70,
      "mass" : 1.0,
      "metadata" : {
         "name" : "Carbon, Graphite (reactor grade)"
      }
   },
   "Concrete, Portland" : {
      "atoms_per_molecule" : -1.0,
      "comp" : {
         "Al27" : 0.03387200000000001,
         "C12" : 0.0009884157059208115,
         "C13" : 1.158429407918868e-05,
         "Ca40" : 0.04253118897531011,
         "Ca42" : 0.0002980381409924161,
         "Ca43" : 6.366957665423477e-05,
         "Ca44" : 0.001006638967399870,
         "Ca46" : 2.018026030555489e-06,
         "Ca48" : 9.844631361282226e-05,
         "Fe54" : 0.0007903781516507921,
         "Fe56" : 0.01286621402819772,
         "Fe57" : 0.0003024516063592052,
         "Fe58" : 4.095621379229113e-05,
         "H1" : 0.009997702030565275,
         "H2" : 2.297969434729124e-06,
         "K39" : 0.01208181812684516,
         "K40" : 1.554677308106756e-06,
         "K41" : 0.0009166271958467363,
         "Mg24" : 0.001558999728352544,
         "Mg25" : 0.0002056020070791150,
         "Mg26" : 0.0002353982645683411,
         "Na23" : 0.0160,
         "O16" : 0.5276731345833341,
         "O17" : 0.0002136239858017396,
         "O18" : 0.001220241430864278,
         "Si28" : 0.3096093524405334,
         "Si29" : 0.01629034436989949,
         "Si30" : 0.01112130318956710
      },
      "density" : 2.30,
      "mass" : 1.0,
      "metadata" : {
         "name" : "Concrete, Portland"
      }
   },
   "Steel, Stainless 304" : {
      "atoms_per_molecule" : -1.0,
      "comp" : {
         "C12" : 0.0003953623287450370,
         "C13" : 4.633671294962520e-06,
         "Cr50" : 0.007929924999660172,
         "Cr52" : 0.1590271983369760,
         "Cr53" : 0.01837963127855134,
         "Cr54" : 0.004661345403812327,
         "Fe54" : 0.03961617957805495,
         "Fe56" : 0.6448941489161666,
         "Fe57" : 0.01515980309700081,
         "Fe58" : 0.002052851178949956,
         "Mn55" : 0.009999900000999989,
         "Ni58" : 0.06215735138265021,
         "Ni60" : 0.02476742523721118,
         "Ni61" : 0.001094596281861467,
         "Ni62" : 0.003547272987210296,
         "Ni64" : 0.0009324291203167570,
         "P31" : 0.0002299977000229998,
         "S32" : 0.0001420715799121110,
         "S33" : 1.156799197778106e-06,
         "S34" : 6.753295569307049e-06,
         "S36" : 1.682533580367973e-08,
         "Si28" : 0.004593278406656701,
         "Si29" : 0.0002416790269461667,
         "Si30" : 0.0001649925668971269
      },
      "density" : 8.0,
      "mass" : 1.0,
      "metadata" : {
         "name" : "Steel, Stainless 304"
      }
   },
   "Water, Liquid" : {
      "atoms_per_molecule" : -1.0,
      "comp" : {
         "H1" : 0.1118682871008071,
         "H2" : 2.571289919295805e-05,
         "O16" : 0.8856992571677683,
         "O17" : 0.0003585678199956524,
         "O18" : 0.002048175012235994
      },
      "density" : 0.9982070,
      "mass" : 1.0,
      "metadata" : {
         "name" : "Water, Liquid"
      }
   },
   "Zirconium" : {
      "atoms_per_molecule" : -1.0,
      "comp" : {
         "Zr90" : 0.5070611756604113,
         "Zr91" : 0.1118088752591929,
         "Zr92" : 0.1727810156934970,
         "Zr94" : 0.1789110425755960,
         "Zr96" : 0.02943789081130281
      },
      "density" : 6.5060,
      "mass" : 1.0,
      "metadata" : {
         "name" : "Zirconium"
      }
   }
}
